Fecha,Column 3,NÃºmero
2020-12-20T19:54:20Z,Feliz 2021,13723
2020-12-20T19:54:20Z,Feliz 2021,13325
2020-12-20T19:54:20Z,Feliz 2021,13016
2020-12-27T22:12:55Z,Feliz 2021,11396
2020-12-27T22:12:55Z,Feliz 2021,11389
2020-12-27T23:50:20Z,Feliz 2021,11281
2020-12-26T12:43:06Z,Feliz 2021,11287
2020-12-27T13:05:28Z,Feliz 2021,11359
2020-12-28T15:07:53Z,Feliz 2021,37746
2020-12-28T08:48:06Z,Feliz 2021,38651
2020-12-04T08:02:15Z,Feliz 2021,25418
2020-12-04T08:02:15Z,Feliz 2021,25493
2020-12-28T15:07:53Z,Feliz 2021,25533
2020-12-28T15:07:53Z,Feliz 2021,25686
2020-12-29T10:51:57Z,Feliz 2021,25928
2020-12-29T12:13:10Z,Feliz 2021,26359
2020-12-29T12:13:10Z,Feliz 2021,26774
2020-12-29T12:13:10Z,Feliz 2021,28066
2020-12-29T12:13:10Z,Feliz 2021,29585
2020-12-29T12:13:10Z,Feliz 2021,31473
2020-12-30T07:31:48Z,Feliz 2021,32913
2020-12-30T07:31:48Z,Feliz 2021,34687
2020-12-30T07:31:48Z,Feliz 2021,36529
2020-12-29T09:37:20Z,Feliz 2021,38416
2020-12-30T07:31:48Z,Feliz 2021,41065
2020-12-24T04:34:37Z,Feliz 2021,52833
2020-12-24T04:34:37Z,Feliz 2021,54712
2020-12-16T15:35:59Z,Feliz 2021,56345
2020-12-24T03:19:14Z,Feliz 2021,57792
2020-12-04T08:02:15Z,Feliz 2021,59825
2020-12-04T08:02:15Z,Feliz 2021,63120
2020-12-29T09:37:20Z,Feliz 2021,68788
2020-12-30T03:50:36Z,Feliz 2021,76934
2020-12-29T10:58:27Z,Feliz 2021,90010
2020-12-29T09:37:20Z,Feliz 2021,107034
2020-12-29T09:37:20Z,Feliz 2021,127651
2020-12-29T09:37:20Z,Feliz 2021,150525
2020-12-29T09:37:20Z,Feliz 2021,182690
2020-12-29T09:37:20Z,Feliz 2021,212583
2020-12-29T09:37:20Z,Feliz 2021,242177
2020-12-29T09:37:20Z,Feliz 2021,274127
2020-12-29T09:37:20Z,Feliz 2021,308695
2020-12-29T10:58:27Z,Feliz 2021,341222
2020-12-29T10:58:27Z,Feliz 2021,370595
2020-12-29T10:58:27Z,Feliz 2021,370595
2020-12-29T09:37:20Z,Feliz 2021,423872
2020-12-29T10:58:27Z,Feliz 2021,512061
2020-12-29T10:58:27Z,Feliz 2021,621639
2020-12-29T10:58:27Z,Feliz 2021,106026
2020-12-29T10:58:27Z,Feliz 2021,107767
2020-12-29T10:58:27Z,Feliz 2021,110016
2020-12-29T10:58:27Z,Feliz 2021,113467
2020-12-30T08:01:00Z,Feliz 2021,118173
2020-12-30T08:01:00Z,Feliz 2021,122666
2020-12-30T08:01:00Z,Feliz 2021,126394
