Fecha,Column 3,Número
2020-12-26T12:43:06Z,Feliz Año,58934
2020-12-27T13:05:28Z,Feliz Año,58332
2020-12-04T08:02:15Z,Feliz Año,72798
2020-12-04T08:02:15Z,Feliz Año,73493
2020-12-29T09:37:20Z,Feliz Año,109906
2020-12-24T04:34:37Z,Feliz Año,150341
2020-12-04T08:02:15Z,Feliz Año,166429
2020-12-04T08:02:15Z,Feliz Año,174263
2020-12-29T09:37:20Z,Feliz Año,186117
2020-12-29T09:37:20Z,Feliz Año,261482
2020-12-29T09:37:20Z,Feliz Año,304824
2020-12-29T09:37:20Z,Feliz Año,354322
2020-12-29T09:37:20Z,Feliz Año,446397
2020-12-29T09:37:20Z,Feliz Año,534844
2020-12-29T09:37:20Z,Feliz Año,607288
2020-12-29T09:37:20Z,Feliz Año,678072
2020-12-29T09:37:20Z,Feliz Año,757236
2020-12-29T09:37:20Z,Feliz Año,1038303
