Column 3,Número
Feliz Año Nuevo,13584
Feliz Año Nuevo,13824
Feliz Año Nuevo,17318
Feliz Año Nuevo,17822
Feliz Año Nuevo,18467
Feliz Año Nuevo,19113
Feliz Año Nuevo,20065
Feliz Año Nuevo,21111
Feliz Año Nuevo,33425
Feliz Año Nuevo,34831
Feliz Año Nuevo,47709
Feliz Año Nuevo,55192
Feliz 2021 RTVE,12269
Feliz 2021 RTVE,13557
Feliz 2021 RTVE,14256
Feliz 2021 RTVE,14355
Feliz 2021 RTVE,14425
Feliz 2021 RTVE,14562
Feliz 2021,106026
Feliz Año,14510
Feliz 2021,107767
Feliz 2021,110016
Feliz 2021,113467
Feliz 2021,10983
Feliz 2021,118173
Feliz 2021,122666
Feliz 2021,126394
